model_id,horizon,cost_ratio,best_threshold,best_expected_cost,tp,fp,tn,fn,precision,recall,f1
FR25_T4_combined_cyc_H14,14,1.0,0.8,177.0,671,98,11462,79,0.8725617685305592,0.8946666666666667,0.8834759710335748
FR25_T4_combined_cyc_H14,14,2.0,0.6,234.0,704,142,11418,46,0.8321513002364066,0.9386666666666666,0.8822055137844611
FR25_T4_combined_cyc_H14,14,5.0,0.3,343.0,726,223,11337,24,0.7650158061116965,0.968,0.8546203649205415
FR25_T4_combined_cyc_H14,14,10.0,0.1,421.0,739,311,11249,11,0.7038095238095238,0.9853333333333333,0.8211111111111111
FR25_T4_combined_cyc_H14,14,20.0,0.1,531.0,739,311,11249,11,0.7038095238095238,0.9853333333333333,0.8211111111111111
FR25_T4_combined_cyc_H14,14,50.0,0.1,861.0,739,311,11249,11,0.7038095238095238,0.9853333333333333,0.8211111111111111
FR25_T4_combined_cyc_H14,14,100.0,0.1,1411.0,739,311,11249,11,0.7038095238095238,0.9853333333333333,0.8211111111111111
FR25_T0_anchor_cycle,30,1.0,0.8,309.0,1403,162,10598,147,0.8964856230031949,0.9051612903225806,0.9008025682182986
FR25_T4_combined_cyc,30,1.0,0.8,293.0,1377,120,10640,173,0.9198396793587175,0.8883870967741936,0.9038398424680012
FR25_T0_anchor_cycle,30,2.0,0.8,456.0,1403,162,10598,147,0.8964856230031949,0.9051612903225806,0.9008025682182986
FR25_T4_combined_cyc,30,2.0,0.6,386.0,1465,216,10544,85,0.8715050565139798,0.9451612903225807,0.9068399876199319
FR25_T0_anchor_cycle,30,5.0,0.4,662.0,1506,442,10318,44,0.7731006160164271,0.9716129032258064,0.8610634648370497
FR25_T4_combined_cyc,30,5.0,0.4,591.0,1498,331,10429,52,0.8190267905959541,0.9664516129032258,0.8866528558745191
FR25_T0_anchor_cycle,30,10.0,0.3,844.0,1517,514,10246,33,0.7469226981782373,0.9787096774193549,0.8472493716838873
FR25_T4_combined_cyc,30,10.0,0.2,715.0,1527,485,10275,23,0.7589463220675944,0.9851612903225806,0.8573834924199886
FR25_T0_anchor_cycle,30,20.0,0.1,916.0,1544,796,9964,6,0.6598290598290598,0.9961290322580645,0.7938303341902313
FR25_T4_combined_cyc,30,20.0,0.1,831.0,1540,631,10129,10,0.7093505297098112,0.9935483870967742,0.8277344799785005
FR25_T0_anchor_cycle,30,50.0,0.1,1096.0,1544,796,9964,6,0.6598290598290598,0.9961290322580645,0.7938303341902313
FR25_T4_combined_cyc,30,50.0,0.1,1131.0,1540,631,10129,10,0.7093505297098112,0.9935483870967742,0.8277344799785005
FR25_T0_anchor_cycle,30,100.0,0.1,1396.0,1544,796,9964,6,0.6598290598290598,0.9961290322580645,0.7938303341902313
FR25_T4_combined_cyc,30,100.0,0.1,1631.0,1540,631,10129,10,0.7093505297098112,0.9935483870967742,0.8277344799785005
FR25_T4_combined_cyc_H50,50,1.0,0.7,545.0,2256,251,9509,294,0.8998803350618269,0.8847058823529412,0.89222859402808
FR25_T4_combined_cyc_H50,50,2.0,0.5,754.0,2384,422,9338,166,0.849607982893799,0.9349019607843138,0.8902165795369679
FR25_T4_combined_cyc_H50,50,5.0,0.3,1076.0,2466,656,9104,84,0.7898782831518257,0.9670588235294117,0.8695345557122708
FR25_T4_combined_cyc_H50,50,10.0,0.2,1470.0,2485,820,8940,65,0.7518910741301059,0.9745098039215686,0.8488471391972674
FR25_T4_combined_cyc_H50,50,20.0,0.1,1911.0,2510,1111,8649,40,0.6931786799226733,0.984313725490196,0.8134824177604926
FR25_T4_combined_cyc_H50,50,50.0,0.1,3111.0,2510,1111,8649,40,0.6931786799226733,0.984313725490196,0.8134824177604926
FR25_T4_combined_cyc_H50,50,100.0,0.1,5111.0,2510,1111,8649,40,0.6931786799226733,0.984313725490196,0.8134824177604926
