model_id,unit_id,n_rows,n_positive_rows,n_alerts,tp,fp,tn,fn,ever_detected,ever_missed,earliest_detection_cycle,n_positive_runs,n_fp_runs,fn_raw_rul_count,fn_raw_rul_min,fn_raw_rul_max,fn_raw_rul_mean
FR25_T0_anchor_cycle,1,321,31,28,26,2,288,5,1,1,292.0,4,2,5,25.0,30.0,27.2
FR25_T0_anchor_cycle,6,331,31,43,31,12,288,0,1,0,301.0,2,1,0,,,
FR25_T0_anchor_cycle,12,272,31,33,30,3,238,1,1,1,243.0,3,2,1,30.0,30.0,30.0
FR25_T0_anchor_cycle,18,343,31,45,31,14,298,0,1,0,313.0,3,2,0,,,
FR25_T0_anchor_cycle,22,211,31,37,31,6,174,0,1,0,181.0,4,3,0,,,
FR25_T0_anchor_cycle,27,163,31,43,30,13,119,1,1,1,134.0,5,4,1,30.0,30.0,30.0
FR25_T0_anchor_cycle,37,388,31,34,31,3,354,0,1,0,358.0,2,1,0,,,
FR25_T0_anchor_cycle,40,206,31,33,28,5,170,3,1,1,176.0,5,2,3,18.0,29.0,22.0
FR25_T0_anchor_cycle,42,280,31,32,30,2,247,1,1,1,251.0,2,1,1,30.0,30.0,30.0
FR25_T0_anchor_cycle,47,375,31,33,30,3,341,1,1,1,346.0,4,3,1,30.0,30.0,30.0
FR25_T0_anchor_cycle,50,172,31,28,27,1,140,4,1,1,144.0,3,1,4,26.0,30.0,28.0
FR25_T0_anchor_cycle,51,285,31,31,29,2,252,2,1,1,255.0,4,1,2,25.0,29.0,27.0
FR25_T0_anchor_cycle,60,218,31,44,31,13,174,0,1,0,188.0,7,6,0,,,
FR25_T0_anchor_cycle,68,163,31,35,31,4,128,0,1,0,133.0,4,3,0,,,
FR25_T0_anchor_cycle,73,181,31,51,29,22,128,2,1,1,151.0,8,5,2,21.0,23.0,22.0
FR25_T0_anchor_cycle,79,218,31,29,25,4,183,6,1,1,193.0,4,2,6,23.0,30.0,27.166666666666668
FR25_T0_anchor_cycle,81,187,31,35,31,4,152,0,1,0,157.0,2,1,0,,,
FR25_T0_anchor_cycle,87,259,31,37,29,8,220,2,1,1,229.0,4,2,2,28.0,29.0,28.5
FR25_T0_anchor_cycle,94,249,31,32,31,1,217,0,1,0,219.0,2,1,0,,,
FR25_T0_anchor_cycle,101,260,31,45,31,14,215,0,1,0,230.0,5,4,0,,,
FR25_T0_anchor_cycle,103,224,31,73,30,43,150,1,1,1,194.0,13,11,1,14.0,14.0,14.0
FR25_T0_anchor_cycle,111,297,31,32,30,2,264,1,1,1,267.0,3,1,1,28.0,28.0,28.0
FR25_T0_anchor_cycle,115,131,31,34,31,3,97,0,1,0,101.0,1,0,0,,,
FR25_T0_anchor_cycle,116,344,31,35,31,4,309,0,1,0,314.0,2,1,0,,,
FR25_T0_anchor_cycle,120,177,31,32,30,2,144,1,1,1,148.0,2,1,1,30.0,30.0,30.0
FR25_T0_anchor_cycle,126,302,31,35,31,4,267,0,1,0,272.0,3,2,0,,,
FR25_T0_anchor_cycle,129,190,31,36,29,7,152,2,1,1,162.0,6,5,2,29.0,30.0,29.5
FR25_T0_anchor_cycle,138,178,31,41,30,11,136,1,1,1,149.0,9,8,1,30.0,30.0,30.0
FR25_T0_anchor_cycle,144,297,31,37,31,6,260,0,1,0,267.0,4,3,0,,,
FR25_T0_anchor_cycle,150,149,31,30,30,0,118,1,1,1,120.0,1,0,1,30.0,30.0,30.0
FR25_T0_anchor_cycle,155,295,31,34,31,3,261,0,1,0,265.0,2,1,0,,,
FR25_T0_anchor_cycle,159,288,31,29,29,0,257,2,1,1,259.0,2,0,2,28.0,30.0,29.0
FR25_T0_anchor_cycle,162,313,31,35,31,4,278,0,1,0,283.0,2,1,0,,,
FR25_T0_anchor_cycle,164,380,31,39,31,8,341,0,1,0,350.0,2,1,0,,,
FR25_T0_anchor_cycle,171,399,31,50,31,19,349,0,1,0,369.0,4,3,0,,,
FR25_T0_anchor_cycle,176,180,31,28,27,1,148,4,1,1,150.0,4,1,4,21.0,29.0,25.0
FR25_T0_anchor_cycle,181,134,31,24,24,0,103,7,1,1,109.0,2,0,7,23.0,30.0,26.714285714285715
FR25_T0_anchor_cycle,190,381,31,34,30,4,346,1,1,1,352.0,4,3,1,30.0,30.0,30.0
FR25_T0_anchor_cycle,193,197,31,42,31,11,155,0,1,0,167.0,5,4,0,,,
FR25_T0_anchor_cycle,199,176,31,33,29,4,141,2,1,1,146.0,4,1,2,24.0,27.0,25.5
FR25_T0_anchor_cycle,200,225,31,39,30,9,185,1,1,1,196.0,5,4,1,30.0,30.0,30.0
FR25_T0_anchor_cycle,203,324,31,44,31,13,280,0,1,0,294.0,5,4,0,,,
FR25_T0_anchor_cycle,209,161,31,32,29,3,127,2,1,1,131.0,5,3,2,26.0,27.0,26.5
FR25_T0_anchor_cycle,217,200,31,38,29,9,160,2,1,1,170.0,7,4,2,21.0,28.0,24.5
FR25_T0_anchor_cycle,226,194,31,30,29,1,162,2,1,1,164.0,4,1,2,24.0,28.0,26.0
FR25_T0_anchor_cycle,229,280,31,37,31,6,243,0,1,0,250.0,3,2,0,,,
FR25_T0_anchor_cycle,234,207,31,57,31,26,150,0,1,0,177.0,9,8,0,,,
FR25_T0_anchor_cycle,235,199,31,38,31,7,161,0,1,0,169.0,5,4,0,,,
FR25_T0_anchor_cycle,242,222,31,28,27,1,190,4,1,1,192.0,5,1,4,21.0,29.0,26.0
FR25_T0_anchor_cycle,248,184,31,53,31,22,131,0,1,0,154.0,4,3,0,,,
FR25_T4_combined_cyc,1,321,31,27,26,1,289,5,1,1,293.0,3,1,5,25.0,30.0,27.4
FR25_T4_combined_cyc,6,331,31,42,31,11,289,0,1,0,301.0,2,1,0,,,
FR25_T4_combined_cyc,12,272,31,33,30,3,238,1,1,1,243.0,2,1,1,30.0,30.0,30.0
FR25_T4_combined_cyc,18,343,31,35,31,4,308,0,1,0,313.0,1,0,0,,,
FR25_T4_combined_cyc,22,211,31,30,29,1,179,2,1,1,183.0,2,1,2,29.0,30.0,29.5
FR25_T4_combined_cyc,27,163,31,46,31,15,117,0,1,0,133.0,3,2,0,,,
FR25_T4_combined_cyc,37,388,31,32,30,2,355,1,1,1,359.0,2,1,1,30.0,30.0,30.0
FR25_T4_combined_cyc,40,206,31,32,29,3,172,2,1,1,176.0,4,1,2,18.0,29.0,23.5
FR25_T4_combined_cyc,42,280,31,30,30,0,249,1,1,1,251.0,1,0,1,30.0,30.0,30.0
FR25_T4_combined_cyc,47,375,31,27,27,0,344,4,1,1,349.0,1,0,4,27.0,30.0,28.5
FR25_T4_combined_cyc,50,172,31,26,26,0,141,5,1,1,144.0,2,0,5,25.0,30.0,27.4
FR25_T4_combined_cyc,51,285,31,34,31,3,251,0,1,0,255.0,3,2,0,,,
FR25_T4_combined_cyc,60,218,31,38,31,7,180,0,1,0,188.0,2,1,0,,,
FR25_T4_combined_cyc,68,163,31,38,31,7,125,0,1,0,133.0,3,2,0,,,
FR25_T4_combined_cyc,73,181,31,45,31,14,136,0,1,0,151.0,1,0,0,,,
FR25_T4_combined_cyc,79,218,31,31,25,6,181,6,1,1,193.0,5,3,6,23.0,30.0,27.166666666666668
FR25_T4_combined_cyc,81,187,31,34,31,3,153,0,1,0,157.0,1,0,0,,,
FR25_T4_combined_cyc,87,259,31,33,30,3,225,1,1,1,229.0,4,2,1,28.0,28.0,28.0
FR25_T4_combined_cyc,94,249,31,30,30,0,218,1,1,1,220.0,1,0,1,30.0,30.0,30.0
FR25_T4_combined_cyc,101,260,31,38,31,7,222,0,1,0,230.0,2,1,0,,,
FR25_T4_combined_cyc,103,224,31,65,31,34,159,0,1,0,194.0,7,6,0,,,
FR25_T4_combined_cyc,111,297,31,30,29,1,265,2,1,1,268.0,3,1,2,28.0,30.0,29.0
FR25_T4_combined_cyc,115,131,31,34,31,3,97,0,1,0,101.0,1,0,0,,,
FR25_T4_combined_cyc,116,344,31,30,30,0,313,1,1,1,315.0,1,0,1,30.0,30.0,30.0
FR25_T4_combined_cyc,120,177,31,27,27,0,146,4,1,1,150.0,2,0,4,26.0,30.0,28.25
FR25_T4_combined_cyc,126,302,31,34,31,3,268,0,1,0,272.0,3,2,0,,,
FR25_T4_combined_cyc,129,190,31,38,31,7,152,0,1,0,160.0,2,1,0,,,
FR25_T4_combined_cyc,138,178,31,33,29,4,143,2,1,1,150.0,3,2,2,29.0,30.0,29.5
FR25_T4_combined_cyc,144,297,31,38,31,7,259,0,1,0,267.0,2,1,0,,,
FR25_T4_combined_cyc,150,149,31,30,30,0,118,1,1,1,120.0,1,0,1,30.0,30.0,30.0
FR25_T4_combined_cyc,155,295,31,30,28,2,262,3,1,1,265.0,5,1,3,24.0,29.0,26.666666666666668
FR25_T4_combined_cyc,159,288,31,28,28,0,257,3,1,1,261.0,1,0,3,28.0,30.0,29.0
FR25_T4_combined_cyc,162,313,31,36,31,5,277,0,1,0,283.0,1,0,0,,,
FR25_T4_combined_cyc,164,380,31,36,31,5,344,0,1,0,350.0,2,1,0,,,
FR25_T4_combined_cyc,171,399,31,49,31,18,350,0,1,0,369.0,1,0,0,,,
FR25_T4_combined_cyc,176,180,31,26,26,0,149,5,1,1,154.0,2,0,5,21.0,30.0,27.0
FR25_T4_combined_cyc,181,134,31,22,22,0,103,9,1,1,113.0,1,0,9,22.0,30.0,26.0
FR25_T4_combined_cyc,190,381,31,32,31,1,349,0,1,0,351.0,1,0,0,,,
FR25_T4_combined_cyc,193,197,31,38,31,7,159,0,1,0,167.0,1,0,0,,,
FR25_T4_combined_cyc,199,176,31,31,29,2,143,2,1,1,146.0,3,0,2,25.0,27.0,26.0
FR25_T4_combined_cyc,200,225,31,38,30,8,186,1,1,1,196.0,3,2,1,30.0,30.0,30.0
FR25_T4_combined_cyc,203,324,31,44,31,13,280,0,1,0,294.0,2,1,0,,,
FR25_T4_combined_cyc,209,161,31,34,31,3,127,0,1,0,131.0,1,0,0,,,
FR25_T4_combined_cyc,217,200,31,33,30,3,166,1,1,1,170.0,2,0,1,28.0,28.0,28.0
FR25_T4_combined_cyc,226,194,31,31,27,4,159,4,1,1,164.0,3,0,4,25.0,29.0,27.25
FR25_T4_combined_cyc,229,280,31,31,31,0,249,0,1,0,250.0,1,0,0,,,
FR25_T4_combined_cyc,234,207,31,52,31,21,155,0,1,0,177.0,3,2,0,,,
FR25_T4_combined_cyc,235,199,31,37,31,6,162,0,1,0,169.0,4,3,0,,,
FR25_T4_combined_cyc,242,222,31,26,26,0,191,5,1,1,192.0,3,0,5,23.0,29.0,25.8
FR25_T4_combined_cyc,248,184,31,49,31,18,135,0,1,0,154.0,2,1,0,,,
