model_id,horizon,threshold,tp,fp,tn,fn,precision,recall,f1,cost_ratio,c_fn,c_fp,expected_cost
FR25_T0_anchor_cycle,30,0.1,1544,796,9964,6,0.6598290598290598,0.9961290322580645,0.7938303341902313,1.0,1.0,1.0,802.0
FR25_T0_anchor_cycle,30,0.1,1544,796,9964,6,0.6598290598290598,0.9961290322580645,0.7938303341902313,2.0,2.0,1.0,808.0
FR25_T0_anchor_cycle,30,0.1,1544,796,9964,6,0.6598290598290598,0.9961290322580645,0.7938303341902313,5.0,5.0,1.0,826.0
FR25_T0_anchor_cycle,30,0.1,1544,796,9964,6,0.6598290598290598,0.9961290322580645,0.7938303341902313,10.0,10.0,1.0,856.0
FR25_T0_anchor_cycle,30,0.1,1544,796,9964,6,0.6598290598290598,0.9961290322580645,0.7938303341902313,20.0,20.0,1.0,916.0
FR25_T0_anchor_cycle,30,0.1,1544,796,9964,6,0.6598290598290598,0.9961290322580645,0.7938303341902313,50.0,50.0,1.0,1096.0
FR25_T0_anchor_cycle,30,0.1,1544,796,9964,6,0.6598290598290598,0.9961290322580645,0.7938303341902313,100.0,100.0,1.0,1396.0
FR25_T0_anchor_cycle,30,0.2,1526,618,10142,24,0.7117537313432836,0.984516129032258,0.8262046561992421,1.0,1.0,1.0,642.0
FR25_T0_anchor_cycle,30,0.2,1526,618,10142,24,0.7117537313432836,0.984516129032258,0.8262046561992421,2.0,2.0,1.0,666.0
FR25_T0_anchor_cycle,30,0.2,1526,618,10142,24,0.7117537313432836,0.984516129032258,0.8262046561992421,5.0,5.0,1.0,738.0
FR25_T0_anchor_cycle,30,0.2,1526,618,10142,24,0.7117537313432836,0.984516129032258,0.8262046561992421,10.0,10.0,1.0,858.0
FR25_T0_anchor_cycle,30,0.2,1526,618,10142,24,0.7117537313432836,0.984516129032258,0.8262046561992421,20.0,20.0,1.0,1098.0
FR25_T0_anchor_cycle,30,0.2,1526,618,10142,24,0.7117537313432836,0.984516129032258,0.8262046561992421,50.0,50.0,1.0,1818.0
FR25_T0_anchor_cycle,30,0.2,1526,618,10142,24,0.7117537313432836,0.984516129032258,0.8262046561992421,100.0,100.0,1.0,3018.0
FR25_T0_anchor_cycle,30,0.3,1517,514,10246,33,0.7469226981782373,0.9787096774193549,0.8472493716838873,1.0,1.0,1.0,547.0
FR25_T0_anchor_cycle,30,0.3,1517,514,10246,33,0.7469226981782373,0.9787096774193549,0.8472493716838873,2.0,2.0,1.0,580.0
FR25_T0_anchor_cycle,30,0.3,1517,514,10246,33,0.7469226981782373,0.9787096774193549,0.8472493716838873,5.0,5.0,1.0,679.0
FR25_T0_anchor_cycle,30,0.3,1517,514,10246,33,0.7469226981782373,0.9787096774193549,0.8472493716838873,10.0,10.0,1.0,844.0
FR25_T0_anchor_cycle,30,0.3,1517,514,10246,33,0.7469226981782373,0.9787096774193549,0.8472493716838873,20.0,20.0,1.0,1174.0
FR25_T0_anchor_cycle,30,0.3,1517,514,10246,33,0.7469226981782373,0.9787096774193549,0.8472493716838873,50.0,50.0,1.0,2164.0
FR25_T0_anchor_cycle,30,0.3,1517,514,10246,33,0.7469226981782373,0.9787096774193549,0.8472493716838873,100.0,100.0,1.0,3814.0
FR25_T0_anchor_cycle,30,0.4,1506,442,10318,44,0.7731006160164271,0.9716129032258064,0.8610634648370497,1.0,1.0,1.0,486.0
FR25_T0_anchor_cycle,30,0.4,1506,442,10318,44,0.7731006160164271,0.9716129032258064,0.8610634648370497,2.0,2.0,1.0,530.0
FR25_T0_anchor_cycle,30,0.4,1506,442,10318,44,0.7731006160164271,0.9716129032258064,0.8610634648370497,5.0,5.0,1.0,662.0
FR25_T0_anchor_cycle,30,0.4,1506,442,10318,44,0.7731006160164271,0.9716129032258064,0.8610634648370497,10.0,10.0,1.0,882.0
FR25_T0_anchor_cycle,30,0.4,1506,442,10318,44,0.7731006160164271,0.9716129032258064,0.8610634648370497,20.0,20.0,1.0,1322.0
FR25_T0_anchor_cycle,30,0.4,1506,442,10318,44,0.7731006160164271,0.9716129032258064,0.8610634648370497,50.0,50.0,1.0,2642.0
FR25_T0_anchor_cycle,30,0.4,1506,442,10318,44,0.7731006160164271,0.9716129032258064,0.8610634648370497,100.0,100.0,1.0,4842.0
FR25_T0_anchor_cycle,30,0.5,1488,369,10391,62,0.8012924071082391,0.96,0.8734957440563546,1.0,1.0,1.0,431.0
FR25_T0_anchor_cycle,30,0.5,1488,369,10391,62,0.8012924071082391,0.96,0.8734957440563546,2.0,2.0,1.0,493.0
FR25_T0_anchor_cycle,30,0.5,1488,369,10391,62,0.8012924071082391,0.96,0.8734957440563546,5.0,5.0,1.0,679.0
FR25_T0_anchor_cycle,30,0.5,1488,369,10391,62,0.8012924071082391,0.96,0.8734957440563546,10.0,10.0,1.0,989.0
FR25_T0_anchor_cycle,30,0.5,1488,369,10391,62,0.8012924071082391,0.96,0.8734957440563546,20.0,20.0,1.0,1609.0
FR25_T0_anchor_cycle,30,0.5,1488,369,10391,62,0.8012924071082391,0.96,0.8734957440563546,50.0,50.0,1.0,3469.0
FR25_T0_anchor_cycle,30,0.5,1488,369,10391,62,0.8012924071082391,0.96,0.8734957440563546,100.0,100.0,1.0,6569.0
FR25_T0_anchor_cycle,30,0.6,1471,307,10453,79,0.827334083239595,0.9490322580645161,0.884014423076923,1.0,1.0,1.0,386.0
FR25_T0_anchor_cycle,30,0.6,1471,307,10453,79,0.827334083239595,0.9490322580645161,0.884014423076923,2.0,2.0,1.0,465.0
FR25_T0_anchor_cycle,30,0.6,1471,307,10453,79,0.827334083239595,0.9490322580645161,0.884014423076923,5.0,5.0,1.0,702.0
FR25_T0_anchor_cycle,30,0.6,1471,307,10453,79,0.827334083239595,0.9490322580645161,0.884014423076923,10.0,10.0,1.0,1097.0
FR25_T0_anchor_cycle,30,0.6,1471,307,10453,79,0.827334083239595,0.9490322580645161,0.884014423076923,20.0,20.0,1.0,1887.0
FR25_T0_anchor_cycle,30,0.6,1471,307,10453,79,0.827334083239595,0.9490322580645161,0.884014423076923,50.0,50.0,1.0,4257.0
FR25_T0_anchor_cycle,30,0.6,1471,307,10453,79,0.827334083239595,0.9490322580645161,0.884014423076923,100.0,100.0,1.0,8207.0
FR25_T0_anchor_cycle,30,0.7,1442,245,10515,108,0.8547717842323651,0.9303225806451613,0.8909484090206982,1.0,1.0,1.0,353.0
FR25_T0_anchor_cycle,30,0.7,1442,245,10515,108,0.8547717842323651,0.9303225806451613,0.8909484090206982,2.0,2.0,1.0,461.0
FR25_T0_anchor_cycle,30,0.7,1442,245,10515,108,0.8547717842323651,0.9303225806451613,0.8909484090206982,5.0,5.0,1.0,785.0
FR25_T0_anchor_cycle,30,0.7,1442,245,10515,108,0.8547717842323651,0.9303225806451613,0.8909484090206982,10.0,10.0,1.0,1325.0
FR25_T0_anchor_cycle,30,0.7,1442,245,10515,108,0.8547717842323651,0.9303225806451613,0.8909484090206982,20.0,20.0,1.0,2405.0
FR25_T0_anchor_cycle,30,0.7,1442,245,10515,108,0.8547717842323651,0.9303225806451613,0.8909484090206982,50.0,50.0,1.0,5645.0
FR25_T0_anchor_cycle,30,0.7,1442,245,10515,108,0.8547717842323651,0.9303225806451613,0.8909484090206982,100.0,100.0,1.0,11045.0
FR25_T0_anchor_cycle,30,0.8,1403,162,10598,147,0.8964856230031949,0.9051612903225806,0.9008025682182986,1.0,1.0,1.0,309.0
FR25_T0_anchor_cycle,30,0.8,1403,162,10598,147,0.8964856230031949,0.9051612903225806,0.9008025682182986,2.0,2.0,1.0,456.0
FR25_T0_anchor_cycle,30,0.8,1403,162,10598,147,0.8964856230031949,0.9051612903225806,0.9008025682182986,5.0,5.0,1.0,897.0
FR25_T0_anchor_cycle,30,0.8,1403,162,10598,147,0.8964856230031949,0.9051612903225806,0.9008025682182986,10.0,10.0,1.0,1632.0
FR25_T0_anchor_cycle,30,0.8,1403,162,10598,147,0.8964856230031949,0.9051612903225806,0.9008025682182986,20.0,20.0,1.0,3102.0
FR25_T0_anchor_cycle,30,0.8,1403,162,10598,147,0.8964856230031949,0.9051612903225806,0.9008025682182986,50.0,50.0,1.0,7512.0
FR25_T0_anchor_cycle,30,0.8,1403,162,10598,147,0.8964856230031949,0.9051612903225806,0.9008025682182986,100.0,100.0,1.0,14862.0
FR25_T0_anchor_cycle,30,0.9,1300,90,10670,250,0.935251798561151,0.8387096774193549,0.8843537414965986,1.0,1.0,1.0,340.0
FR25_T0_anchor_cycle,30,0.9,1300,90,10670,250,0.935251798561151,0.8387096774193549,0.8843537414965986,2.0,2.0,1.0,590.0
FR25_T0_anchor_cycle,30,0.9,1300,90,10670,250,0.935251798561151,0.8387096774193549,0.8843537414965986,5.0,5.0,1.0,1340.0
FR25_T0_anchor_cycle,30,0.9,1300,90,10670,250,0.935251798561151,0.8387096774193549,0.8843537414965986,10.0,10.0,1.0,2590.0
FR25_T0_anchor_cycle,30,0.9,1300,90,10670,250,0.935251798561151,0.8387096774193549,0.8843537414965986,20.0,20.0,1.0,5090.0
FR25_T0_anchor_cycle,30,0.9,1300,90,10670,250,0.935251798561151,0.8387096774193549,0.8843537414965986,50.0,50.0,1.0,12590.0
FR25_T0_anchor_cycle,30,0.9,1300,90,10670,250,0.935251798561151,0.8387096774193549,0.8843537414965986,100.0,100.0,1.0,25090.0
FR25_T4_combined_cyc,30,0.1,1540,631,10129,10,0.7093505297098112,0.9935483870967742,0.8277344799785005,1.0,1.0,1.0,641.0
FR25_T4_combined_cyc,30,0.1,1540,631,10129,10,0.7093505297098112,0.9935483870967742,0.8277344799785005,2.0,2.0,1.0,651.0
FR25_T4_combined_cyc,30,0.1,1540,631,10129,10,0.7093505297098112,0.9935483870967742,0.8277344799785005,5.0,5.0,1.0,681.0
FR25_T4_combined_cyc,30,0.1,1540,631,10129,10,0.7093505297098112,0.9935483870967742,0.8277344799785005,10.0,10.0,1.0,731.0
FR25_T4_combined_cyc,30,0.1,1540,631,10129,10,0.7093505297098112,0.9935483870967742,0.8277344799785005,20.0,20.0,1.0,831.0
FR25_T4_combined_cyc,30,0.1,1540,631,10129,10,0.7093505297098112,0.9935483870967742,0.8277344799785005,50.0,50.0,1.0,1131.0
FR25_T4_combined_cyc,30,0.1,1540,631,10129,10,0.7093505297098112,0.9935483870967742,0.8277344799785005,100.0,100.0,1.0,1631.0
FR25_T4_combined_cyc,30,0.2,1527,485,10275,23,0.7589463220675944,0.9851612903225806,0.8573834924199886,1.0,1.0,1.0,508.0
FR25_T4_combined_cyc,30,0.2,1527,485,10275,23,0.7589463220675944,0.9851612903225806,0.8573834924199886,2.0,2.0,1.0,531.0
FR25_T4_combined_cyc,30,0.2,1527,485,10275,23,0.7589463220675944,0.9851612903225806,0.8573834924199886,5.0,5.0,1.0,600.0
FR25_T4_combined_cyc,30,0.2,1527,485,10275,23,0.7589463220675944,0.9851612903225806,0.8573834924199886,10.0,10.0,1.0,715.0
FR25_T4_combined_cyc,30,0.2,1527,485,10275,23,0.7589463220675944,0.9851612903225806,0.8573834924199886,20.0,20.0,1.0,945.0
FR25_T4_combined_cyc,30,0.2,1527,485,10275,23,0.7589463220675944,0.9851612903225806,0.8573834924199886,50.0,50.0,1.0,1635.0
FR25_T4_combined_cyc,30,0.2,1527,485,10275,23,0.7589463220675944,0.9851612903225806,0.8573834924199886,100.0,100.0,1.0,2785.0
FR25_T4_combined_cyc,30,0.3,1509,403,10357,41,0.7892259414225942,0.9735483870967742,0.8717504332755632,1.0,1.0,1.0,444.0
FR25_T4_combined_cyc,30,0.3,1509,403,10357,41,0.7892259414225942,0.9735483870967742,0.8717504332755632,2.0,2.0,1.0,485.0
FR25_T4_combined_cyc,30,0.3,1509,403,10357,41,0.7892259414225942,0.9735483870967742,0.8717504332755632,5.0,5.0,1.0,608.0
FR25_T4_combined_cyc,30,0.3,1509,403,10357,41,0.7892259414225942,0.9735483870967742,0.8717504332755632,10.0,10.0,1.0,813.0
FR25_T4_combined_cyc,30,0.3,1509,403,10357,41,0.7892259414225942,0.9735483870967742,0.8717504332755632,20.0,20.0,1.0,1223.0
FR25_T4_combined_cyc,30,0.3,1509,403,10357,41,0.7892259414225942,0.9735483870967742,0.8717504332755632,50.0,50.0,1.0,2453.0
FR25_T4_combined_cyc,30,0.3,1509,403,10357,41,0.7892259414225942,0.9735483870967742,0.8717504332755632,100.0,100.0,1.0,4503.0
FR25_T4_combined_cyc,30,0.4,1498,331,10429,52,0.8190267905959541,0.9664516129032258,0.8866528558745191,1.0,1.0,1.0,383.0
FR25_T4_combined_cyc,30,0.4,1498,331,10429,52,0.8190267905959541,0.9664516129032258,0.8866528558745191,2.0,2.0,1.0,435.0
FR25_T4_combined_cyc,30,0.4,1498,331,10429,52,0.8190267905959541,0.9664516129032258,0.8866528558745191,5.0,5.0,1.0,591.0
FR25_T4_combined_cyc,30,0.4,1498,331,10429,52,0.8190267905959541,0.9664516129032258,0.8866528558745191,10.0,10.0,1.0,851.0
FR25_T4_combined_cyc,30,0.4,1498,331,10429,52,0.8190267905959541,0.9664516129032258,0.8866528558745191,20.0,20.0,1.0,1371.0
FR25_T4_combined_cyc,30,0.4,1498,331,10429,52,0.8190267905959541,0.9664516129032258,0.8866528558745191,50.0,50.0,1.0,2931.0
FR25_T4_combined_cyc,30,0.4,1498,331,10429,52,0.8190267905959541,0.9664516129032258,0.8866528558745191,100.0,100.0,1.0,5531.0
FR25_T4_combined_cyc,30,0.5,1478,265,10495,72,0.8479632816982214,0.9535483870967741,0.8976617066504707,1.0,1.0,1.0,337.0
FR25_T4_combined_cyc,30,0.5,1478,265,10495,72,0.8479632816982214,0.9535483870967741,0.8976617066504707,2.0,2.0,1.0,409.0
FR25_T4_combined_cyc,30,0.5,1478,265,10495,72,0.8479632816982214,0.9535483870967741,0.8976617066504707,5.0,5.0,1.0,625.0
FR25_T4_combined_cyc,30,0.5,1478,265,10495,72,0.8479632816982214,0.9535483870967741,0.8976617066504707,10.0,10.0,1.0,985.0
FR25_T4_combined_cyc,30,0.5,1478,265,10495,72,0.8479632816982214,0.9535483870967741,0.8976617066504707,20.0,20.0,1.0,1705.0
FR25_T4_combined_cyc,30,0.5,1478,265,10495,72,0.8479632816982214,0.9535483870967741,0.8976617066504707,50.0,50.0,1.0,3865.0
FR25_T4_combined_cyc,30,0.5,1478,265,10495,72,0.8479632816982214,0.9535483870967741,0.8976617066504707,100.0,100.0,1.0,7465.0
FR25_T4_combined_cyc,30,0.6,1465,216,10544,85,0.8715050565139798,0.9451612903225807,0.9068399876199319,1.0,1.0,1.0,301.0
FR25_T4_combined_cyc,30,0.6,1465,216,10544,85,0.8715050565139798,0.9451612903225807,0.9068399876199319,2.0,2.0,1.0,386.0
FR25_T4_combined_cyc,30,0.6,1465,216,10544,85,0.8715050565139798,0.9451612903225807,0.9068399876199319,5.0,5.0,1.0,641.0
FR25_T4_combined_cyc,30,0.6,1465,216,10544,85,0.8715050565139798,0.9451612903225807,0.9068399876199319,10.0,10.0,1.0,1066.0
FR25_T4_combined_cyc,30,0.6,1465,216,10544,85,0.8715050565139798,0.9451612903225807,0.9068399876199319,20.0,20.0,1.0,1916.0
FR25_T4_combined_cyc,30,0.6,1465,216,10544,85,0.8715050565139798,0.9451612903225807,0.9068399876199319,50.0,50.0,1.0,4466.0
FR25_T4_combined_cyc,30,0.6,1465,216,10544,85,0.8715050565139798,0.9451612903225807,0.9068399876199319,100.0,100.0,1.0,8716.0
FR25_T4_combined_cyc,30,0.7,1429,175,10585,121,0.8908977556109726,0.9219354838709677,0.9061509194673429,1.0,1.0,1.0,296.0
FR25_T4_combined_cyc,30,0.7,1429,175,10585,121,0.8908977556109726,0.9219354838709677,0.9061509194673429,2.0,2.0,1.0,417.0
FR25_T4_combined_cyc,30,0.7,1429,175,10585,121,0.8908977556109726,0.9219354838709677,0.9061509194673429,5.0,5.0,1.0,780.0
FR25_T4_combined_cyc,30,0.7,1429,175,10585,121,0.8908977556109726,0.9219354838709677,0.9061509194673429,10.0,10.0,1.0,1385.0
FR25_T4_combined_cyc,30,0.7,1429,175,10585,121,0.8908977556109726,0.9219354838709677,0.9061509194673429,20.0,20.0,1.0,2595.0
FR25_T4_combined_cyc,30,0.7,1429,175,10585,121,0.8908977556109726,0.9219354838709677,0.9061509194673429,50.0,50.0,1.0,6225.0
FR25_T4_combined_cyc,30,0.7,1429,175,10585,121,0.8908977556109726,0.9219354838709677,0.9061509194673429,100.0,100.0,1.0,12275.0
FR25_T4_combined_cyc,30,0.8,1377,120,10640,173,0.9198396793587175,0.8883870967741936,0.9038398424680012,1.0,1.0,1.0,293.0
FR25_T4_combined_cyc,30,0.8,1377,120,10640,173,0.9198396793587175,0.8883870967741936,0.9038398424680012,2.0,2.0,1.0,466.0
FR25_T4_combined_cyc,30,0.8,1377,120,10640,173,0.9198396793587175,0.8883870967741936,0.9038398424680012,5.0,5.0,1.0,985.0
FR25_T4_combined_cyc,30,0.8,1377,120,10640,173,0.9198396793587175,0.8883870967741936,0.9038398424680012,10.0,10.0,1.0,1850.0
FR25_T4_combined_cyc,30,0.8,1377,120,10640,173,0.9198396793587175,0.8883870967741936,0.9038398424680012,20.0,20.0,1.0,3580.0
FR25_T4_combined_cyc,30,0.8,1377,120,10640,173,0.9198396793587175,0.8883870967741936,0.9038398424680012,50.0,50.0,1.0,8770.0
FR25_T4_combined_cyc,30,0.8,1377,120,10640,173,0.9198396793587175,0.8883870967741936,0.9038398424680012,100.0,100.0,1.0,17420.0
FR25_T4_combined_cyc,30,0.9,1278,68,10692,272,0.9494799405646359,0.824516129032258,0.8825966850828729,1.0,1.0,1.0,340.0
FR25_T4_combined_cyc,30,0.9,1278,68,10692,272,0.9494799405646359,0.824516129032258,0.8825966850828729,2.0,2.0,1.0,612.0
FR25_T4_combined_cyc,30,0.9,1278,68,10692,272,0.9494799405646359,0.824516129032258,0.8825966850828729,5.0,5.0,1.0,1428.0
FR25_T4_combined_cyc,30,0.9,1278,68,10692,272,0.9494799405646359,0.824516129032258,0.8825966850828729,10.0,10.0,1.0,2788.0
FR25_T4_combined_cyc,30,0.9,1278,68,10692,272,0.9494799405646359,0.824516129032258,0.8825966850828729,20.0,20.0,1.0,5508.0
FR25_T4_combined_cyc,30,0.9,1278,68,10692,272,0.9494799405646359,0.824516129032258,0.8825966850828729,50.0,50.0,1.0,13668.0
FR25_T4_combined_cyc,30,0.9,1278,68,10692,272,0.9494799405646359,0.824516129032258,0.8825966850828729,100.0,100.0,1.0,27268.0
FR25_T4_combined_cyc_H14,14,0.1,739,311,11249,11,0.7038095238095238,0.9853333333333333,0.8211111111111111,1.0,1.0,1.0,322.0
FR25_T4_combined_cyc_H14,14,0.1,739,311,11249,11,0.7038095238095238,0.9853333333333333,0.8211111111111111,2.0,2.0,1.0,333.0
FR25_T4_combined_cyc_H14,14,0.1,739,311,11249,11,0.7038095238095238,0.9853333333333333,0.8211111111111111,5.0,5.0,1.0,366.0
FR25_T4_combined_cyc_H14,14,0.1,739,311,11249,11,0.7038095238095238,0.9853333333333333,0.8211111111111111,10.0,10.0,1.0,421.0
FR25_T4_combined_cyc_H14,14,0.1,739,311,11249,11,0.7038095238095238,0.9853333333333333,0.8211111111111111,20.0,20.0,1.0,531.0
FR25_T4_combined_cyc_H14,14,0.1,739,311,11249,11,0.7038095238095238,0.9853333333333333,0.8211111111111111,50.0,50.0,1.0,861.0
FR25_T4_combined_cyc_H14,14,0.1,739,311,11249,11,0.7038095238095238,0.9853333333333333,0.8211111111111111,100.0,100.0,1.0,1411.0
FR25_T4_combined_cyc_H14,14,0.2,732,257,11303,18,0.7401415571284126,0.976,0.8418631397354801,1.0,1.0,1.0,275.0
FR25_T4_combined_cyc_H14,14,0.2,732,257,11303,18,0.7401415571284126,0.976,0.8418631397354801,2.0,2.0,1.0,293.0
FR25_T4_combined_cyc_H14,14,0.2,732,257,11303,18,0.7401415571284126,0.976,0.8418631397354801,5.0,5.0,1.0,347.0
FR25_T4_combined_cyc_H14,14,0.2,732,257,11303,18,0.7401415571284126,0.976,0.8418631397354801,10.0,10.0,1.0,437.0
FR25_T4_combined_cyc_H14,14,0.2,732,257,11303,18,0.7401415571284126,0.976,0.8418631397354801,20.0,20.0,1.0,617.0
FR25_T4_combined_cyc_H14,14,0.2,732,257,11303,18,0.7401415571284126,0.976,0.8418631397354801,50.0,50.0,1.0,1157.0
FR25_T4_combined_cyc_H14,14,0.2,732,257,11303,18,0.7401415571284126,0.976,0.8418631397354801,100.0,100.0,1.0,2057.0
FR25_T4_combined_cyc_H14,14,0.3,726,223,11337,24,0.7650158061116965,0.968,0.8546203649205415,1.0,1.0,1.0,247.0
FR25_T4_combined_cyc_H14,14,0.3,726,223,11337,24,0.7650158061116965,0.968,0.8546203649205415,2.0,2.0,1.0,271.0
FR25_T4_combined_cyc_H14,14,0.3,726,223,11337,24,0.7650158061116965,0.968,0.8546203649205415,5.0,5.0,1.0,343.0
FR25_T4_combined_cyc_H14,14,0.3,726,223,11337,24,0.7650158061116965,0.968,0.8546203649205415,10.0,10.0,1.0,463.0
FR25_T4_combined_cyc_H14,14,0.3,726,223,11337,24,0.7650158061116965,0.968,0.8546203649205415,20.0,20.0,1.0,703.0
FR25_T4_combined_cyc_H14,14,0.3,726,223,11337,24,0.7650158061116965,0.968,0.8546203649205415,50.0,50.0,1.0,1423.0
FR25_T4_combined_cyc_H14,14,0.3,726,223,11337,24,0.7650158061116965,0.968,0.8546203649205415,100.0,100.0,1.0,2623.0
FR25_T4_combined_cyc_H14,14,0.4,719,188,11372,31,0.7927232635060639,0.9586666666666667,0.867833433916717,1.0,1.0,1.0,219.0
FR25_T4_combined_cyc_H14,14,0.4,719,188,11372,31,0.7927232635060639,0.9586666666666667,0.867833433916717,2.0,2.0,1.0,250.0
FR25_T4_combined_cyc_H14,14,0.4,719,188,11372,31,0.7927232635060639,0.9586666666666667,0.867833433916717,5.0,5.0,1.0,343.0
FR25_T4_combined_cyc_H14,14,0.4,719,188,11372,31,0.7927232635060639,0.9586666666666667,0.867833433916717,10.0,10.0,1.0,498.0
FR25_T4_combined_cyc_H14,14,0.4,719,188,11372,31,0.7927232635060639,0.9586666666666667,0.867833433916717,20.0,20.0,1.0,808.0
FR25_T4_combined_cyc_H14,14,0.4,719,188,11372,31,0.7927232635060639,0.9586666666666667,0.867833433916717,50.0,50.0,1.0,1738.0
FR25_T4_combined_cyc_H14,14,0.4,719,188,11372,31,0.7927232635060639,0.9586666666666667,0.867833433916717,100.0,100.0,1.0,3288.0
FR25_T4_combined_cyc_H14,14,0.5,710,165,11395,40,0.8114285714285714,0.9466666666666667,0.8738461538461538,1.0,1.0,1.0,205.0
FR25_T4_combined_cyc_H14,14,0.5,710,165,11395,40,0.8114285714285714,0.9466666666666667,0.8738461538461538,2.0,2.0,1.0,245.0
FR25_T4_combined_cyc_H14,14,0.5,710,165,11395,40,0.8114285714285714,0.9466666666666667,0.8738461538461538,5.0,5.0,1.0,365.0
FR25_T4_combined_cyc_H14,14,0.5,710,165,11395,40,0.8114285714285714,0.9466666666666667,0.8738461538461538,10.0,10.0,1.0,565.0
FR25_T4_combined_cyc_H14,14,0.5,710,165,11395,40,0.8114285714285714,0.9466666666666667,0.8738461538461538,20.0,20.0,1.0,965.0
FR25_T4_combined_cyc_H14,14,0.5,710,165,11395,40,0.8114285714285714,0.9466666666666667,0.8738461538461538,50.0,50.0,1.0,2165.0
FR25_T4_combined_cyc_H14,14,0.5,710,165,11395,40,0.8114285714285714,0.9466666666666667,0.8738461538461538,100.0,100.0,1.0,4165.0
FR25_T4_combined_cyc_H14,14,0.6,704,142,11418,46,0.8321513002364066,0.9386666666666666,0.8822055137844611,1.0,1.0,1.0,188.0
FR25_T4_combined_cyc_H14,14,0.6,704,142,11418,46,0.8321513002364066,0.9386666666666666,0.8822055137844611,2.0,2.0,1.0,234.0
FR25_T4_combined_cyc_H14,14,0.6,704,142,11418,46,0.8321513002364066,0.9386666666666666,0.8822055137844611,5.0,5.0,1.0,372.0
FR25_T4_combined_cyc_H14,14,0.6,704,142,11418,46,0.8321513002364066,0.9386666666666666,0.8822055137844611,10.0,10.0,1.0,602.0
FR25_T4_combined_cyc_H14,14,0.6,704,142,11418,46,0.8321513002364066,0.9386666666666666,0.8822055137844611,20.0,20.0,1.0,1062.0
FR25_T4_combined_cyc_H14,14,0.6,704,142,11418,46,0.8321513002364066,0.9386666666666666,0.8822055137844611,50.0,50.0,1.0,2442.0
FR25_T4_combined_cyc_H14,14,0.6,704,142,11418,46,0.8321513002364066,0.9386666666666666,0.8822055137844611,100.0,100.0,1.0,4742.0
FR25_T4_combined_cyc_H14,14,0.7,689,119,11441,61,0.8527227722772277,0.9186666666666666,0.8844672657252889,1.0,1.0,1.0,180.0
FR25_T4_combined_cyc_H14,14,0.7,689,119,11441,61,0.8527227722772277,0.9186666666666666,0.8844672657252889,2.0,2.0,1.0,241.0
FR25_T4_combined_cyc_H14,14,0.7,689,119,11441,61,0.8527227722772277,0.9186666666666666,0.8844672657252889,5.0,5.0,1.0,424.0
FR25_T4_combined_cyc_H14,14,0.7,689,119,11441,61,0.8527227722772277,0.9186666666666666,0.8844672657252889,10.0,10.0,1.0,729.0
FR25_T4_combined_cyc_H14,14,0.7,689,119,11441,61,0.8527227722772277,0.9186666666666666,0.8844672657252889,20.0,20.0,1.0,1339.0
FR25_T4_combined_cyc_H14,14,0.7,689,119,11441,61,0.8527227722772277,0.9186666666666666,0.8844672657252889,50.0,50.0,1.0,3169.0
FR25_T4_combined_cyc_H14,14,0.7,689,119,11441,61,0.8527227722772277,0.9186666666666666,0.8844672657252889,100.0,100.0,1.0,6219.0
FR25_T4_combined_cyc_H14,14,0.8,671,98,11462,79,0.8725617685305592,0.8946666666666667,0.8834759710335748,1.0,1.0,1.0,177.0
FR25_T4_combined_cyc_H14,14,0.8,671,98,11462,79,0.8725617685305592,0.8946666666666667,0.8834759710335748,2.0,2.0,1.0,256.0
FR25_T4_combined_cyc_H14,14,0.8,671,98,11462,79,0.8725617685305592,0.8946666666666667,0.8834759710335748,5.0,5.0,1.0,493.0
FR25_T4_combined_cyc_H14,14,0.8,671,98,11462,79,0.8725617685305592,0.8946666666666667,0.8834759710335748,10.0,10.0,1.0,888.0
FR25_T4_combined_cyc_H14,14,0.8,671,98,11462,79,0.8725617685305592,0.8946666666666667,0.8834759710335748,20.0,20.0,1.0,1678.0
FR25_T4_combined_cyc_H14,14,0.8,671,98,11462,79,0.8725617685305592,0.8946666666666667,0.8834759710335748,50.0,50.0,1.0,4048.0
FR25_T4_combined_cyc_H14,14,0.8,671,98,11462,79,0.8725617685305592,0.8946666666666667,0.8834759710335748,100.0,100.0,1.0,7998.0
FR25_T4_combined_cyc_H14,14,0.9,639,68,11492,111,0.9038189533239038,0.852,0.8771448181194234,1.0,1.0,1.0,179.0
FR25_T4_combined_cyc_H14,14,0.9,639,68,11492,111,0.9038189533239038,0.852,0.8771448181194234,2.0,2.0,1.0,290.0
FR25_T4_combined_cyc_H14,14,0.9,639,68,11492,111,0.9038189533239038,0.852,0.8771448181194234,5.0,5.0,1.0,623.0
FR25_T4_combined_cyc_H14,14,0.9,639,68,11492,111,0.9038189533239038,0.852,0.8771448181194234,10.0,10.0,1.0,1178.0
FR25_T4_combined_cyc_H14,14,0.9,639,68,11492,111,0.9038189533239038,0.852,0.8771448181194234,20.0,20.0,1.0,2288.0
FR25_T4_combined_cyc_H14,14,0.9,639,68,11492,111,0.9038189533239038,0.852,0.8771448181194234,50.0,50.0,1.0,5618.0
FR25_T4_combined_cyc_H14,14,0.9,639,68,11492,111,0.9038189533239038,0.852,0.8771448181194234,100.0,100.0,1.0,11168.0
FR25_T4_combined_cyc_H50,50,0.1,2510,1111,8649,40,0.6931786799226733,0.984313725490196,0.8134824177604926,1.0,1.0,1.0,1151.0
FR25_T4_combined_cyc_H50,50,0.1,2510,1111,8649,40,0.6931786799226733,0.984313725490196,0.8134824177604926,2.0,2.0,1.0,1191.0
FR25_T4_combined_cyc_H50,50,0.1,2510,1111,8649,40,0.6931786799226733,0.984313725490196,0.8134824177604926,5.0,5.0,1.0,1311.0
FR25_T4_combined_cyc_H50,50,0.1,2510,1111,8649,40,0.6931786799226733,0.984313725490196,0.8134824177604926,10.0,10.0,1.0,1511.0
FR25_T4_combined_cyc_H50,50,0.1,2510,1111,8649,40,0.6931786799226733,0.984313725490196,0.8134824177604926,20.0,20.0,1.0,1911.0
FR25_T4_combined_cyc_H50,50,0.1,2510,1111,8649,40,0.6931786799226733,0.984313725490196,0.8134824177604926,50.0,50.0,1.0,3111.0
FR25_T4_combined_cyc_H50,50,0.1,2510,1111,8649,40,0.6931786799226733,0.984313725490196,0.8134824177604926,100.0,100.0,1.0,5111.0
FR25_T4_combined_cyc_H50,50,0.2,2485,820,8940,65,0.7518910741301059,0.9745098039215686,0.8488471391972674,1.0,1.0,1.0,885.0
FR25_T4_combined_cyc_H50,50,0.2,2485,820,8940,65,0.7518910741301059,0.9745098039215686,0.8488471391972674,2.0,2.0,1.0,950.0
FR25_T4_combined_cyc_H50,50,0.2,2485,820,8940,65,0.7518910741301059,0.9745098039215686,0.8488471391972674,5.0,5.0,1.0,1145.0
FR25_T4_combined_cyc_H50,50,0.2,2485,820,8940,65,0.7518910741301059,0.9745098039215686,0.8488471391972674,10.0,10.0,1.0,1470.0
FR25_T4_combined_cyc_H50,50,0.2,2485,820,8940,65,0.7518910741301059,0.9745098039215686,0.8488471391972674,20.0,20.0,1.0,2120.0
FR25_T4_combined_cyc_H50,50,0.2,2485,820,8940,65,0.7518910741301059,0.9745098039215686,0.8488471391972674,50.0,50.0,1.0,4070.0
FR25_T4_combined_cyc_H50,50,0.2,2485,820,8940,65,0.7518910741301059,0.9745098039215686,0.8488471391972674,100.0,100.0,1.0,7320.0
FR25_T4_combined_cyc_H50,50,0.3,2466,656,9104,84,0.7898782831518257,0.9670588235294117,0.8695345557122708,1.0,1.0,1.0,740.0
FR25_T4_combined_cyc_H50,50,0.3,2466,656,9104,84,0.7898782831518257,0.9670588235294117,0.8695345557122708,2.0,2.0,1.0,824.0
FR25_T4_combined_cyc_H50,50,0.3,2466,656,9104,84,0.7898782831518257,0.9670588235294117,0.8695345557122708,5.0,5.0,1.0,1076.0
FR25_T4_combined_cyc_H50,50,0.3,2466,656,9104,84,0.7898782831518257,0.9670588235294117,0.8695345557122708,10.0,10.0,1.0,1496.0
FR25_T4_combined_cyc_H50,50,0.3,2466,656,9104,84,0.7898782831518257,0.9670588235294117,0.8695345557122708,20.0,20.0,1.0,2336.0
FR25_T4_combined_cyc_H50,50,0.3,2466,656,9104,84,0.7898782831518257,0.9670588235294117,0.8695345557122708,50.0,50.0,1.0,4856.0
FR25_T4_combined_cyc_H50,50,0.3,2466,656,9104,84,0.7898782831518257,0.9670588235294117,0.8695345557122708,100.0,100.0,1.0,9056.0
FR25_T4_combined_cyc_H50,50,0.4,2427,529,9231,123,0.821041948579161,0.951764705882353,0.8815837268434435,1.0,1.0,1.0,652.0
FR25_T4_combined_cyc_H50,50,0.4,2427,529,9231,123,0.821041948579161,0.951764705882353,0.8815837268434435,2.0,2.0,1.0,775.0
FR25_T4_combined_cyc_H50,50,0.4,2427,529,9231,123,0.821041948579161,0.951764705882353,0.8815837268434435,5.0,5.0,1.0,1144.0
FR25_T4_combined_cyc_H50,50,0.4,2427,529,9231,123,0.821041948579161,0.951764705882353,0.8815837268434435,10.0,10.0,1.0,1759.0
FR25_T4_combined_cyc_H50,50,0.4,2427,529,9231,123,0.821041948579161,0.951764705882353,0.8815837268434435,20.0,20.0,1.0,2989.0
FR25_T4_combined_cyc_H50,50,0.4,2427,529,9231,123,0.821041948579161,0.951764705882353,0.8815837268434435,50.0,50.0,1.0,6679.0
FR25_T4_combined_cyc_H50,50,0.4,2427,529,9231,123,0.821041948579161,0.951764705882353,0.8815837268434435,100.0,100.0,1.0,12829.0
FR25_T4_combined_cyc_H50,50,0.5,2384,422,9338,166,0.849607982893799,0.9349019607843138,0.8902165795369679,1.0,1.0,1.0,588.0
FR25_T4_combined_cyc_H50,50,0.5,2384,422,9338,166,0.849607982893799,0.9349019607843138,0.8902165795369679,2.0,2.0,1.0,754.0
FR25_T4_combined_cyc_H50,50,0.5,2384,422,9338,166,0.849607982893799,0.9349019607843138,0.8902165795369679,5.0,5.0,1.0,1252.0
FR25_T4_combined_cyc_H50,50,0.5,2384,422,9338,166,0.849607982893799,0.9349019607843138,0.8902165795369679,10.0,10.0,1.0,2082.0
FR25_T4_combined_cyc_H50,50,0.5,2384,422,9338,166,0.849607982893799,0.9349019607843138,0.8902165795369679,20.0,20.0,1.0,3742.0
FR25_T4_combined_cyc_H50,50,0.5,2384,422,9338,166,0.849607982893799,0.9349019607843138,0.8902165795369679,50.0,50.0,1.0,8722.0
FR25_T4_combined_cyc_H50,50,0.5,2384,422,9338,166,0.849607982893799,0.9349019607843138,0.8902165795369679,100.0,100.0,1.0,17022.0
FR25_T4_combined_cyc_H50,50,0.6,2341,341,9419,209,0.8728560775540641,0.9180392156862746,0.8948776758409787,1.0,1.0,1.0,550.0
FR25_T4_combined_cyc_H50,50,0.6,2341,341,9419,209,0.8728560775540641,0.9180392156862746,0.8948776758409787,2.0,2.0,1.0,759.0
FR25_T4_combined_cyc_H50,50,0.6,2341,341,9419,209,0.8728560775540641,0.9180392156862746,0.8948776758409787,5.0,5.0,1.0,1386.0
FR25_T4_combined_cyc_H50,50,0.6,2341,341,9419,209,0.8728560775540641,0.9180392156862746,0.8948776758409787,10.0,10.0,1.0,2431.0
FR25_T4_combined_cyc_H50,50,0.6,2341,341,9419,209,0.8728560775540641,0.9180392156862746,0.8948776758409787,20.0,20.0,1.0,4521.0
FR25_T4_combined_cyc_H50,50,0.6,2341,341,9419,209,0.8728560775540641,0.9180392156862746,0.8948776758409787,50.0,50.0,1.0,10791.0
FR25_T4_combined_cyc_H50,50,0.6,2341,341,9419,209,0.8728560775540641,0.9180392156862746,0.8948776758409787,100.0,100.0,1.0,21241.0
FR25_T4_combined_cyc_H50,50,0.7,2256,251,9509,294,0.8998803350618269,0.8847058823529412,0.89222859402808,1.0,1.0,1.0,545.0
FR25_T4_combined_cyc_H50,50,0.7,2256,251,9509,294,0.8998803350618269,0.8847058823529412,0.89222859402808,2.0,2.0,1.0,839.0
FR25_T4_combined_cyc_H50,50,0.7,2256,251,9509,294,0.8998803350618269,0.8847058823529412,0.89222859402808,5.0,5.0,1.0,1721.0
FR25_T4_combined_cyc_H50,50,0.7,2256,251,9509,294,0.8998803350618269,0.8847058823529412,0.89222859402808,10.0,10.0,1.0,3191.0
FR25_T4_combined_cyc_H50,50,0.7,2256,251,9509,294,0.8998803350618269,0.8847058823529412,0.89222859402808,20.0,20.0,1.0,6131.0
FR25_T4_combined_cyc_H50,50,0.7,2256,251,9509,294,0.8998803350618269,0.8847058823529412,0.89222859402808,50.0,50.0,1.0,14951.0
FR25_T4_combined_cyc_H50,50,0.7,2256,251,9509,294,0.8998803350618269,0.8847058823529412,0.89222859402808,100.0,100.0,1.0,29651.0
FR25_T4_combined_cyc_H50,50,0.8,2145,141,9619,405,0.9383202099737533,0.8411764705882353,0.8870967741935484,1.0,1.0,1.0,546.0
FR25_T4_combined_cyc_H50,50,0.8,2145,141,9619,405,0.9383202099737533,0.8411764705882353,0.8870967741935484,2.0,2.0,1.0,951.0
FR25_T4_combined_cyc_H50,50,0.8,2145,141,9619,405,0.9383202099737533,0.8411764705882353,0.8870967741935484,5.0,5.0,1.0,2166.0
FR25_T4_combined_cyc_H50,50,0.8,2145,141,9619,405,0.9383202099737533,0.8411764705882353,0.8870967741935484,10.0,10.0,1.0,4191.0
FR25_T4_combined_cyc_H50,50,0.8,2145,141,9619,405,0.9383202099737533,0.8411764705882353,0.8870967741935484,20.0,20.0,1.0,8241.0
FR25_T4_combined_cyc_H50,50,0.8,2145,141,9619,405,0.9383202099737533,0.8411764705882353,0.8870967741935484,50.0,50.0,1.0,20391.0
FR25_T4_combined_cyc_H50,50,0.8,2145,141,9619,405,0.9383202099737533,0.8411764705882353,0.8870967741935484,100.0,100.0,1.0,40641.0
FR25_T4_combined_cyc_H50,50,0.9,1931,43,9717,619,0.9782168186423505,0.7572549019607843,0.8536693191865604,1.0,1.0,1.0,662.0
FR25_T4_combined_cyc_H50,50,0.9,1931,43,9717,619,0.9782168186423505,0.7572549019607843,0.8536693191865604,2.0,2.0,1.0,1281.0
FR25_T4_combined_cyc_H50,50,0.9,1931,43,9717,619,0.9782168186423505,0.7572549019607843,0.8536693191865604,5.0,5.0,1.0,3138.0
FR25_T4_combined_cyc_H50,50,0.9,1931,43,9717,619,0.9782168186423505,0.7572549019607843,0.8536693191865604,10.0,10.0,1.0,6233.0
FR25_T4_combined_cyc_H50,50,0.9,1931,43,9717,619,0.9782168186423505,0.7572549019607843,0.8536693191865604,20.0,20.0,1.0,12423.0
FR25_T4_combined_cyc_H50,50,0.9,1931,43,9717,619,0.9782168186423505,0.7572549019607843,0.8536693191865604,50.0,50.0,1.0,30993.0
FR25_T4_combined_cyc_H50,50,0.9,1931,43,9717,619,0.9782168186423505,0.7572549019607843,0.8536693191865604,100.0,100.0,1.0,61943.0
